Statistic:,+/-,3PA,3PM,AST,BLK,DKPoints,DREB,FGA,FGM,FTA,FTM,MIN,OREB,PF,PTS,REB,STL,TO,home_team_score,visit_team_score,Home,home_win_pct,away_win_pct,team_win_pct,opponent_win_pct
Averages:,-0.00023083137767860578,2.121224945177548,0.74250759819951528,2.0852537221559651,0.45385296041241874,19.929769553341284,3.0670949871119149,7.9086677182318317,3.5504558919709153,2.1620436271303811,1.6220136190512831,22.908129111683916,1.030315854268457,1.9131304582002846,9.4654330011926291,4.0974108413803716,0.73215865810025771,1.2974647020351633,101.22121163937032,98.814119891874697,0.49966608363809828,0.50540395611045763,0.49785237472492921,0.50201218389026847,0.50124414694511843
Std Devs:,10.631568088508097,2.433772049948506,1.1653402853738453,2.4349420250010638,0.87043220572427715,13.401005078288962,2.6496963067391213,5.3956680738233294,2.8863386755893954,2.7217693373494884,2.1975678710404574,10.550492360787905,1.4374743043300919,1.4484824072228746,7.5777675118002392,3.4929211917007472,0.9790292791317714,1.3769695165088396,11.635999769888533,11.745275056741123,0.50000783907727808,0.20404296510052178,0.2025149726553081,0.20302761233014119,0.2036021943296884
