Statistic:,+/-,3PA,3PM,AST,BLK,DKPoints,DREB,FGA,FGM,FTA,FTM,MIN,OREB,PF,PTS,REB,STL,TO,home_team_score,visit_team_score,Home,home_win_pct,away_win_pct,team_win_pct,opponent_win_pct
Averages:,-0.0026235242675994755,2.2088616819705584,0.77087888062964582,2.0002915026963999,0.46946509255210611,19.712469027838509,3.1170383326045767,7.811835009473838,3.4575134819997086,2.1900597580527621,1.6566098236408686,22.369625419035128,0.97697128698440461,1.9215857746684157,9.3425156682699306,4.0940096195889808,0.74231161638245158,1.35009473837633,101.65239141044412,99.896778916544662,0.49890190336749635,0.49979729107066845,0.48957361611952638,0.49497376355748846,0.49439714363270648
Std Devs:,10.595050502802401,2.4945334171642797,1.190941367641104,2.3505473407934518,0.88959427782469203,13.678586538994523,2.7045210560651021,5.4859757457519116,2.8762337999057972,2.8116833009367621,2.2726338973885474,10.562521274581897,1.3479474442428194,1.4783083245537247,7.7038013427279237,3.4614150486854434,0.98149102211698058,1.4222857859489928,11.168336786130665,11.80103859382861,0.5000292995845248,0.25174034441149062,0.26218807828957924,0.25712455132269202,0.25701139349292601
